"","NRO","SEXO","EDAD","edideal_muj","edideal_hom","DOMINIO","NSEGrup"
"1",1,"Femenino",55,25,30,"Lima-Callao","A/B"
"2",2,"Masculino",62,26,30,"Lima-Callao","A/B"
"3",3,"Femenino",70,28,30,"Lima-Callao","A/B"
"4",4,"Femenino",20,30,35,"Lima-Callao","A/B"
"5",5,"Femenino",18,25,30,"Lima-Callao","A/B"
"6",6,"Masculino",25,25,30,"Lima-Callao","C"
"7",7,"Masculino",46,30,35,"Lima-Callao","D/E"
"8",8,"Masculino",38,35,38,"Lima-Callao","C"
"9",9,"Masculino",52,25,25,"Lima-Callao","C"
"10",10,"Femenino",53,26,28,"Lima-Callao","C"
"11",11,"Femenino",43,23,23,"Lima-Callao","C"
"12",12,"Masculino",68,22,25,"Lima-Callao","D/E"
"13",13,"Femenino",27,30,30,"Lima-Callao","C"
"14",14,"Masculino",21,32,34,"Lima-Callao","D/E"
"15",15,"Masculino",42,18,22,"Lima-Callao","C"
"16",16,"Femenino",33,30,35,"Lima-Callao","A/B"
"17",17,"Masculino",37,30,36,"Lima-Callao","C"
"18",18,"Masculino",67,25,30,"Lima-Callao","A/B"
"19",19,"Femenino",70,25,30,"Lima-Callao","A/B"
"20",20,"Femenino",21,28,28,"Lima-Callao","A/B"
"21",21,"Masculino",69,25,30,"Lima-Callao","C"
"22",22,"Femenino",33,30,35,"Lima-Callao","C"
"23",23,"Femenino",67,30,35,"Lima-Callao","C"
"24",24,"Masculino",24,25,28,"Lima-Callao","A/B"
"25",25,"Masculino",33,29,34,"Lima-Callao","C"
"26",26,"Femenino",70,25,30,"Lima-Callao","A/B"
"27",27,"Femenino",26,25,25,"Lima-Callao","A/B"
"28",28,"Femenino",23,30,35,"Lima-Callao","D/E"
"29",29,"Femenino",32,30,30,"Lima-Callao","C"
"30",30,"Masculino",65,25,30,"Lima-Callao","D/E"
"31",31,"Femenino",43,30,35,"Lima-Callao","A/B"
"32",32,"Femenino",67,30,30,"Lima-Callao","C"
"33",33,"Femenino",19,25,25,"Lima-Callao","A/B"
"34",34,"Masculino",39,25,25,"Lima-Callao","A/B"
"35",35,"Masculino",80,25,28,"Lima-Callao","A/B"
"36",36,"Femenino",37,33,37,"Lima-Callao","A/B"
"37",37,"Femenino",60,30,30,"Lima-Callao","A/B"
"38",38,"Masculino",23,28,30,"Lima-Callao","A/B"
"39",39,"Masculino",35,24,24,"Lima-Callao","A/B"
"40",40,"Masculino",25,28,28,"Lima-Callao","A/B"
"41",41,"Femenino",42,28,30,"Lima-Callao","D/E"
"42",42,"Masculino",29,25,30,"Lima-Callao","A/B"
"43",43,"Masculino",29,22,25,"Lima-Callao","A/B"
"44",44,"Femenino",50,99,99,"Lima-Callao","C"
"45",45,"Masculino",67,22,29,"Lima-Callao","D/E"
"46",46,"Masculino",42,30,30,"Lima-Callao","D/E"
"47",47,"Femenino",64,27,32,"Lima-Callao","C"
"48",48,"Femenino",19,30,30,"Lima-Callao","C"
"49",49,"Femenino",80,24,28,"Lima-Callao","A/B"
"50",50,"Masculino",65,25,30,"Lima-Callao","A/B"
"51",51,"Femenino",39,35,35,"Lima-Callao","A/B"
"52",52,"Femenino",30,30,30,"Lima-Callao","A/B"
"53",53,"Masculino",40,26,30,"Lima-Callao","A/B"
"54",54,"Femenino",21,27,30,"Lima-Callao","A/B"
"55",55,"Masculino",29,33,39,"Lima-Callao","C"
"56",56,"Masculino",19,23,23,"Lima-Callao","A/B"
"57",57,"Femenino",57,27,28,"Lima-Callao","C"
"58",58,"Femenino",41,30,35,"Lima-Callao","C"
"59",59,"Masculino",45,25,26,"Lima-Callao","C"
"60",60,"Masculino",18,26,26,"Lima-Callao","A/B"
"61",61,"Femenino",28,29,30,"Lima-Callao","C"
"62",62,"Masculino",22,25,25,"Lima-Callao","C"
"63",63,"Femenino",18,26,30,"Lima-Callao","A/B"
"64",64,"Masculino",35,30,30,"Lima-Callao","A/B"
"65",65,"Masculino",28,23,25,"Lima-Callao","C"
"66",66,"Femenino",47,25,30,"Lima-Callao","C"
"67",67,"Femenino",44,28,24,"Lima-Callao","A/B"
"68",68,"Masculino",20,28,28,"Lima-Callao","C"
"69",69,"Femenino",19,25,25,"Lima-Callao","C"
"70",70,"Femenino",29,30,35,"Lima-Callao","C"
"71",71,"Masculino",46,25,28,"Lima-Callao","C"
"72",72,"Masculino",40,30,35,"Lima-Callao","C"
"73",73,"Femenino",31,20,22,"Lima-Callao","D/E"
"74",74,"Femenino",38,21,23,"Lima-Callao","C"
"75",75,"Masculino",57,30,30,"Lima-Callao","C"
"76",76,"Femenino",58,20,25,"Lima-Callao","D/E"
"77",77,"Femenino",22,27,27,"Lima-Callao","D/E"
"78",78,"Masculino",27,28,30,"Lima-Callao","D/E"
"79",79,"Femenino",22,30,35,"Lima-Callao","D/E"
"80",80,"Masculino",35,35,35,"Lima-Callao","D/E"
"81",81,"Femenino",53,25,30,"Lima-Callao","A/B"
"82",82,"Masculino",28,27,27,"Lima-Callao","C"
"83",83,"Masculino",42,28,30,"Lima-Callao","A/B"
"84",84,"Masculino",47,25,25,"Lima-Callao","D/E"
"85",85,"Masculino",40,25,30,"Lima-Callao","C"
"86",86,"Femenino",22,27,30,"Lima-Callao","C"
"87",87,"Femenino",24,25,25,"Lima-Callao","C"
"88",88,"Femenino",42,30,32,"Lima-Callao","D/E"
"89",89,"Masculino",58,25,30,"Lima-Callao","A/B"
"90",90,"Femenino",29,23,26,"Lima-Callao","D/E"
"91",91,"Femenino",45,25,28,"Lima-Callao","D/E"
"92",92,"Femenino",38,30,35,"Lima-Callao","C"
"93",93,"Masculino",20,25,30,"Lima-Callao","C"
"94",94,"Masculino",42,28,32,"Lima-Callao","D/E"
"95",95,"Femenino",24,25,30,"Lima-Callao","D/E"
"96",96,"Masculino",24,28,27,"Lima-Callao","C"
"97",97,"Femenino",23,99,99,"Lima-Callao","D/E"
"98",98,"Masculino",56,21,28,"Lima-Callao","D/E"
"99",99,"Femenino",37,99,99,"Lima-Callao","C"
"100",100,"Femenino",43,20,22,"Lima-Callao","D/E"
"101",101,"Femenino",52,24,24,"Lima-Callao","D/E"
"102",102,"Masculino",18,30,30,"Lima-Callao","C"
"103",103,"Masculino",40,25,25,"Lima-Callao","C"
"104",104,"Masculino",45,23,25,"Lima-Callao","A/B"
"105",105,"Femenino",30,25,30,"Lima-Callao","C"
"106",106,"Femenino",26,20,25,"Lima-Callao","D/E"
"107",107,"Femenino",26,99,99,"Lima-Callao","D/E"
"108",108,"Masculino",36,20,30,"Lima-Callao","D/E"
"109",109,"Masculino",27,99,99,"Lima-Callao","A/B"
"110",110,"Femenino",55,19,19,"Lima-Callao","D/E"
"111",111,"Masculino",54,25,25,"Lima-Callao","D/E"
"112",112,"Masculino",54,25,25,"Lima-Callao","C"
"113",113,"Masculino",18,27,29,"Lima-Callao","A/B"
"114",114,"Femenino",62,25,28,"Lima-Callao","C"
"115",115,"Masculino",30,25,25,"Lima-Callao","C"
"116",116,"Femenino",20,25,25,"Lima-Callao","D/E"
"117",117,"Femenino",36,30,30,"Lima-Callao","C"
"118",118,"Masculino",73,28,30,"Lima-Callao","A/B"
"119",119,"Masculino",42,26,30,"Lima-Callao","D/E"
"120",120,"Femenino",48,26,28,"Lima-Callao","A/B"
"121",121,"Masculino",34,30,35,"Lima-Callao","D/E"
"122",122,"Masculino",37,30,32,"Lima-Callao","D/E"
"123",123,"Masculino",21,30,30,"Lima-Callao","C"
"124",124,"Femenino",22,28,28,"Lima-Callao","A/B"
"125",125,"Femenino",42,25,30,"Lima-Callao","C"
"126",126,"Femenino",48,26,32,"Lima-Callao","C"
"127",127,"Masculino",29,25,25,"Lima-Callao","C"
"128",128,"Masculino",63,30,32,"Lima-Callao","A/B"
"129",129,"Femenino",60,25,25,"Lima-Callao","A/B"
"130",130,"Masculino",60,25,28,"Lima-Callao","A/B"
"131",131,"Femenino",36,27,30,"Lima-Callao","A/B"
"132",132,"Femenino",26,28,30,"Lima-Callao","A/B"
"133",133,"Femenino",29,28,35,"Lima-Callao","C"
"134",134,"Masculino",20,25,27,"Lima-Callao","A/B"
"135",135,"Femenino",49,23,25,"Lima-Callao","A/B"
"136",136,"Masculino",35,20,25,"Lima-Callao","D/E"
"137",137,"Masculino",66,22,25,"Lima-Callao","A/B"
"138",138,"Masculino",35,30,30,"Lima-Callao","A/B"
"139",139,"Masculino",37,99,99,"Lima-Callao","A/B"
"140",140,"Masculino",19,26,26,"Lima-Callao","C"
"141",141,"Femenino",18,26,28,"Lima-Callao","C"
"142",142,"Femenino",32,27,30,"Lima-Callao","A/B"
"143",143,"Femenino",52,25,30,"Lima-Callao","A/B"
"144",144,"Masculino",25,30,32,"Lima-Callao","D/E"
"145",145,"Masculino",28,25,27,"Lima-Callao","A/B"
"146",146,"Masculino",34,30,35,"Lima-Callao","D/E"
"147",147,"Femenino",49,30,30,"Lima-Callao","A/B"
"148",148,"Masculino",20,20,25,"Lima-Callao","C"
"149",149,"Masculino",67,20,25,"Lima-Callao","C"
"150",150,"Femenino",39,30,30,"Lima-Callao","C"
"151",151,"Femenino",26,30,30,"Lima-Callao","C"
"152",152,"Femenino",35,30,35,"Lima-Callao","A/B"
"153",153,"Masculino",23,30,32,"Lima-Callao","A/B"
"154",154,"Femenino",19,25,30,"Lima-Callao","A/B"
"155",155,"Masculino",65,25,30,"Lima-Callao","A/B"
"156",156,"Masculino",30,30,35,"Lima-Callao","A/B"
"157",157,"Femenino",42,30,35,"Lima-Callao","A/B"
"158",158,"Femenino",57,25,30,"Lima-Callao","A/B"
"159",159,"Masculino",67,28,30,"Lima-Callao","A/B"
"160",160,"Femenino",61,25,30,"Lima-Callao","A/B"
"161",161,"Femenino",36,32,35,"Lima-Callao","A/B"
"162",162,"Masculino",22,25,25,"Lima-Callao","A/B"
"163",163,"Masculino",56,30,33,"Lima-Callao","A/B"
"164",164,"Femenino",69,25,30,"Lima-Callao","A/B"
"165",165,"Femenino",48,27,35,"Lima-Callao","A/B"
"166",166,"Masculino",52,28,30,"Lima-Callao","A/B"
"167",167,"Masculino",37,30,40,"Lima-Callao","A/B"
"168",168,"Femenino",23,24,24,"Lima-Callao","A/B"
"169",169,"Femenino",48,27,30,"Lima-Callao","A/B"
"170",170,"Femenino",52,30,35,"Lima-Callao","A/B"
"171",171,"Masculino",81,25,30,"Lima-Callao","A/B"
"172",172,"Masculino",34,25,27,"Lima-Callao","A/B"
"173",173,"Femenino",36,25,30,"Lima-Callao","A/B"
"174",174,"Femenino",38,35,35,"Lima-Callao","A/B"
"175",175,"Masculino",29,30,30,"Lima-Callao","A/B"
"176",176,"Femenino",22,25,28,"Lima-Callao","A/B"
"177",177,"Masculino",51,29,33,"Lima-Callao","A/B"
"178",178,"Masculino",20,24,28,"Lima-Callao","A/B"
"179",179,"Masculino",66,24,30,"Lima-Callao","A/B"
"180",180,"Femenino",66,25,27,"Lima-Callao","A/B"
"181",181,"Masculino",35,30,30,"Lima-Callao","A/B"
"182",182,"Femenino",48,25,35,"Lima-Callao","A/B"
"183",183,"Femenino",19,30,30,"Lima-Callao","A/B"
"184",184,"Femenino",38,30,35,"Lima-Callao","A/B"
"185",185,"Masculino",52,25,25,"Lima-Callao","A/B"
"186",186,"Masculino",62,30,35,"Lima-Callao","A/B"
"187",187,"Masculino",40,25,20,"Lima-Callao","A/B"
"188",188,"Femenino",30,35,35,"Lima-Callao","A/B"
"189",189,"Femenino",50,30,35,"Lima-Callao","A/B"
"190",190,"Masculino",29,25,26,"Lima-Callao","A/B"
"191",191,"Femenino",45,28,35,"Lima-Callao","A/B"
"192",192,"Femenino",22,28,32,"Lima-Callao","A/B"
"193",193,"Femenino",24,25,30,"Lima-Callao","A/B"
"194",194,"Femenino",83,20,20,"Lima-Callao","A/B"
"195",195,"Femenino",59,30,30,"Lima-Callao","A/B"
"196",196,"Masculino",31,30,30,"Lima-Callao","A/B"
"197",197,"Femenino",44,27,35,"Lima-Callao","A/B"
"198",198,"Femenino",18,24,24,"Lima-Callao","A/B"
"199",199,"Masculino",59,30,34,"Lima-Callao","A/B"
"200",200,"Masculino",18,28,30,"Lima-Callao","A/B"
"201",201,"Masculino",66,30,33,"Lima-Callao","A/B"
"202",202,"Femenino",70,23,25,"Lima-Callao","A/B"
"203",203,"Femenino",60,25,25,"Lima-Callao","A/B"
"204",204,"Femenino",27,30,30,"Lima-Callao","A/B"
"205",205,"Femenino",42,25,28,"Lima-Callao","A/B"
"206",206,"Masculino",42,60,99,"Lima-Callao","A/B"
"207",207,"Masculino",34,26,32,"Lima-Callao","A/B"
"208",208,"Masculino",20,25,30,"Lima-Callao","A/B"
"209",209,"Masculino",73,99,99,"Lima-Callao","A/B"
"210",210,"Masculino",65,26,30,"Lima-Callao","A/B"
"211",211,"Femenino",54,25,29,"Lima-Callao","A/B"
"212",212,"Masculino",18,27,28,"Lima-Callao","A/B"
"213",213,"Femenino",72,26,30,"Lima-Callao","C"
"214",214,"Masculino",40,25,28,"Lima-Callao","A/B"
"215",215,"Femenino",30,99,99,"Lima-Callao","A/B"
"216",216,"Femenino",23,27,30,"Lima-Callao","A/B"
"217",217,"Masculino",54,25,30,"Lima-Callao","D/E"
"218",218,"Femenino",56,25,30,"Lima-Callao","C"
"219",219,"Femenino",24,35,40,"Lima-Callao","D/E"
"220",220,"Femenino",55,35,40,"Lima-Callao","A/B"
"221",221,"Femenino",36,30,30,"Lima-Callao","A/B"
"222",222,"Femenino",43,20,20,"Lima-Callao","A/B"
"223",223,"Masculino",18,30,30,"Lima-Callao","A/B"
"224",224,"Masculino",41,28,35,"Lima-Callao","C"
"225",225,"Femenino",19,24,24,"Lima-Callao","C"
"226",226,"Masculino",27,30,30,"Lima-Callao","C"
"227",227,"Masculino",19,28,30,"Lima-Callao","A/B"
"228",228,"Femenino",54,26,35,"Lima-Callao","D/E"
"229",229,"Femenino",36,25,25,"Lima-Callao","C"
"230",230,"Masculino",60,26,30,"Lima-Callao","C"
"231",231,"Masculino",34,20,20,"Lima-Callao","C"
"232",232,"Masculino",40,25,28,"Lima-Callao","C"
"233",233,"Femenino",24,30,35,"Lima-Callao","C"
"234",234,"Masculino",18,24,24,"Lima-Callao","D/E"
"235",235,"Femenino",63,22,30,"Lima-Callao","C"
"236",236,"Femenino",47,25,30,"Lima-Callao","D/E"
"237",237,"Masculino",74,40,40,"Lima-Callao","D/E"
"238",238,"Femenino",43,25,30,"Lima-Callao","C"
"239",239,"Masculino",35,28,28,"Lima-Callao","D/E"
"240",240,"Masculino",44,25,25,"Lima-Callao","C"
"241",241,"Femenino",23,30,30,"Lima-Callao","C"
"242",242,"Femenino",45,99,99,"Lima-Callao","C"
"243",243,"Masculino",31,27,27,"Lima-Callao","D/E"
"244",244,"Masculino",60,20,22,"Lima-Callao","D/E"
"245",245,"Femenino",32,25,25,"Lima-Callao","D/E"
"246",246,"Femenino",19,25,30,"Lima-Callao","D/E"
"247",247,"Masculino",20,23,22,"Lima-Callao","D/E"
"248",248,"Masculino",29,25,25,"Lima-Callao","D/E"
"249",249,"Masculino",75,99,99,"Lima-Callao","D/E"
"250",250,"Masculino",18,25,25,"Lima-Callao","A/B"
"251",251,"Femenino",49,25,30,"Lima-Callao","D/E"
"252",252,"Femenino",20,28,32,"Lima-Callao","C"
"253",253,"Femenino",44,25,30,"Lima-Callao","C"
"254",254,"Masculino",20,22,22,"Lima-Callao","C"
"255",255,"Masculino",43,30,30,"Lima-Callao","C"
"256",256,"Masculino",38,25,25,"Lima-Callao","C"
"257",257,"Masculino",24,35,35,"Lima-Callao","C"
"258",258,"Femenino",36,35,40,"Lima-Callao","D/E"
"259",259,"Masculino",43,30,30,"Lima-Callao","C"
"260",260,"Femenino",49,30,30,"Lima-Callao","D/E"
"261",261,"Masculino",83,22,22,"Lima-Callao","C"
"262",262,"Femenino",18,20,23,"Lima-Callao","D/E"
"263",263,"Femenino",44,30,30,"Lima-Callao","C"
"264",264,"Femenino",27,32,32,"Lima-Callao","C"
"265",265,"Femenino",29,30,35,"Lima-Callao","C"
"266",266,"Femenino",71,25,30,"Lima-Callao","C"
"267",267,"Masculino",72,25,25,"Lima-Callao","D/E"
"268",268,"Masculino",44,25,25,"Lima-Callao","A/B"
"269",269,"Femenino",60,25,29,"Lima-Callao","C"
"270",270,"Masculino",29,25,25,"Lima-Callao","A/B"
"271",271,"Femenino",39,29,30,"Lima-Callao","D/E"
"272",272,"Femenino",36,25,25,"Lima-Callao","A/B"
"273",273,"Femenino",62,20,30,"Lima-Callao","D/E"
"274",274,"Femenino",37,30,35,"Lima-Callao","A/B"
"275",275,"Masculino",28,25,25,"Lima-Callao","D/E"
"276",276,"Masculino",75,20,25,"Lima-Callao","A/B"
"277",277,"Femenino",24,30,30,"Lima-Callao","D/E"
"278",278,"Femenino",26,24,28,"Lima-Callao","D/E"
"279",279,"Femenino",33,25,30,"Lima-Callao","C"
"280",280,"Masculino",37,25,25,"Lima-Callao","D/E"
"281",281,"Femenino",44,20,23,"Lima-Callao","D/E"
"282",282,"Femenino",36,30,30,"Lima-Callao","C"
"283",283,"Femenino",21,99,99,"Lima-Callao","D/E"
"284",284,"Femenino",45,25,30,"Lima-Callao","D/E"
"285",285,"Masculino",66,20,20,"Lima-Callao","D/E"
"286",286,"Masculino",37,25,26,"Lima-Callao","D/E"
"287",287,"Masculino",23,25,27,"Lima-Callao","C"
"288",288,"Masculino",50,30,30,"Lima-Callao","D/E"
"289",289,"Femenino",39,30,30,"Lima-Callao","C"
"290",290,"Femenino",20,25,30,"Lima-Callao","C"
"291",291,"Femenino",18,30,30,"Lima-Callao","D/E"
"292",292,"Masculino",28,99,99,"Lima-Callao","C"
"293",293,"Masculino",25,27,27,"Lima-Callao","D/E"
"294",294,"Femenino",53,25,30,"Lima-Callao","D/E"
"295",295,"Masculino",70,26,30,"Lima-Callao","C"
"296",296,"Masculino",32,25,30,"Lima-Callao","D/E"
"297",297,"Masculino",60,25,30,"Lima-Callao","A/B"
"298",298,"Femenino",42,22,28,"Lima-Callao","C"
"299",299,"Femenino",19,27,27,"Lima-Callao","A/B"
"300",300,"Masculino",26,28,30,"Lima-Callao","C"
"301",301,"Masculino",30,25,30,"Lima-Callao","C"
"302",302,"Femenino",22,25,25,"Lima-Callao","D/E"
"303",303,"Femenino",53,99,99,"Lima-Callao","A/B"
"304",304,"Femenino",43,28,35,"Lima-Callao","A/B"
"305",305,"Masculino",61,27,29,"Lima-Callao","C"
"306",306,"Femenino",22,29,30,"Lima-Callao","C"
"307",307,"Femenino",57,26,28,"Lima-Callao","C"
"308",308,"Femenino",56,30,30,"Lima-Callao","A/B"
"309",309,"Masculino",48,32,32,"Lima-Callao","A/B"
"310",310,"Femenino",37,35,35,"Lima-Callao","A/B"
"311",311,"Masculino",44,25,25,"Lima-Callao","C"
"312",312,"Masculino",19,30,40,"Lima-Callao","A/B"
"313",313,"Masculino",60,22,25,"Lima-Callao","C"
"314",314,"Femenino",82,25,30,"Lima-Callao","C"
"315",315,"Femenino",30,25,25,"Lima-Callao","C"
"316",316,"Masculino",26,28,30,"Lima-Callao","A/B"
"317",317,"Femenino",27,28,35,"Lima-Callao","C"
"318",318,"Masculino",38,25,25,"Lima-Callao","A/B"
"319",319,"Masculino",30,25,23,"Lima-Callao","D/E"
"320",320,"Masculino",22,33,33,"Lima-Callao","C"
"321",321,"Femenino",18,28,30,"Lima-Callao","C"
"322",322,"Masculino",33,27,30,"Lima-Callao","C"
"323",323,"Femenino",72,25,30,"Lima-Callao","D/E"
"324",324,"Femenino",30,35,35,"Lima-Callao","D/E"
"325",325,"Masculino",54,20,25,"Lima-Callao","D/E"
"326",326,"Masculino",23,23,23,"Lima-Callao","D/E"
"327",327,"Femenino",51,30,32,"Lima-Callao","A/B"
"328",328,"Masculino",46,25,28,"Lima-Callao","C"
"329",329,"Masculino",74,27,30,"Lima-Callao","D/E"
"330",330,"Femenino",59,26,28,"Lima-Callao","C"
"331",331,"Femenino",50,30,30,"Lima-Callao","A/B"
"332",332,"Femenino",18,32,37,"Lima-Callao","A/B"
"333",333,"Masculino",31,27,30,"Lima-Callao","A/B"
"334",334,"Masculino",21,25,30,"Lima-Callao","A/B"
"335",335,"Femenino",43,25,28,"Lima-Callao","A/B"
"336",336,"Femenino",44,30,40,"Lima-Callao","C"
"337",337,"Femenino",36,35,35,"Lima-Callao","D/E"
"338",338,"Femenino",25,30,32,"Lima-Callao","A/B"
"339",339,"Masculino",32,28,28,"Lima-Callao","D/E"
"340",340,"Masculino",19,24,30,"Lima-Callao","A/B"
"341",341,"Masculino",55,25,28,"Lima-Callao","A/B"
"342",342,"Femenino",22,30,33,"Lima-Callao","A/B"
"343",343,"Masculino",22,24,29,"Lima-Callao","A/B"
"344",344,"Femenino",45,30,30,"Lima-Callao","A/B"
"345",345,"Masculino",43,28,28,"Lima-Callao","C"
"346",346,"Masculino",23,25,25,"Lima-Callao","A/B"
"347",347,"Femenino",22,30,30,"Lima-Callao","D/E"
"348",348,"Masculino",82,25,28,"Lima-Callao","C"
"349",349,"Masculino",28,30,28,"Lima-Callao","C"
"350",350,"Masculino",33,25,30,"Lima-Callao","D/E"
"351",351,"Femenino",50,20,30,"Lima-Callao","C"
"352",352,"Femenino",40,25,30,"Lima-Callao","D/E"
"353",353,"Masculino",50,99,26,"Lima-Callao","D/E"
"354",354,"Femenino",51,27,30,"Lima-Callao","D/E"
"355",355,"Femenino",20,25,28,"Lima-Callao","A/B"
"356",356,"Masculino",18,24,24,"Lima-Callao","C"
"357",357,"Femenino",41,30,40,"Lima-Callao","D/E"
"358",358,"Masculino",40,25,20,"Lima-Callao","C"
"359",359,"Masculino",42,25,25,"Lima-Callao","C"
"360",360,"Masculino",20,25,30,"Lima-Callao","A/B"
"361",361,"Masculino",19,30,35,"Lima-Callao","A/B"
"362",362,"Femenino",57,30,35,"Lima-Callao","C"
"363",363,"Femenino",27,27,27,"Lima-Callao","C"
"364",364,"Femenino",29,30,30,"Lima-Callao","D/E"
"365",365,"Masculino",40,24,26,"Lima-Callao","C"
"366",366,"Femenino",41,26,26,"Lima-Callao","C"
"367",367,"Femenino",40,25,25,"Lima-Callao","D/E"
"368",368,"Masculino",62,21,25,"Lima-Callao","A/B"
"369",369,"Femenino",35,25,25,"Lima-Callao","D/E"
"370",370,"Femenino",60,30,35,"Lima-Callao","A/B"
"371",371,"Masculino",70,25,30,"Lima-Callao","C"
"372",372,"Masculino",38,22,99,"Lima-Callao","D/E"
"373",373,"Masculino",37,28,28,"Lima-Callao","C"
"374",374,"Masculino",18,23,25,"Lima-Callao","C"
"375",375,"Femenino",23,25,30,"Lima-Callao","D/E"
"376",376,"Femenino",26,28,30,"Lima-Callao","D/E"
"377",377,"Femenino",28,25,26,"Lima-Callao","A/B"
"378",378,"Masculino",28,30,30,"Lima-Callao","C"
"379",379,"Masculino",63,20,25,"Lima-Callao","C"
"380",380,"Masculino",28,27,30,"Lima-Callao","C"
"381",381,"Masculino",57,25,30,"Lima-Callao","C"
"382",382,"Femenino",34,30,30,"Lima-Callao","C"
"383",383,"Femenino",47,25,30,"Lima-Callao","C"
"384",384,"Masculino",42,25,25,"Lima-Callao","D/E"
"385",385,"Femenino",33,25,30,"Lima-Callao","C"
"386",386,"Femenino",24,25,30,"Lima-Callao","C"
"387",387,"Masculino",60,28,28,"Lima-Callao","C"
"388",388,"Masculino",35,30,35,"Lima-Callao","C"
"389",389,"Femenino",38,28,30,"Lima-Callao","A/B"
"390",390,"Masculino",18,99,99,"Lima-Callao","C"
"391",391,"Femenino",61,20,25,"Lima-Callao","D/E"
"392",392,"Femenino",63,25,30,"Lima-Callao","C"
"393",393,"Masculino",30,28,28,"Lima-Callao","C"
"394",394,"Femenino",26,27,27,"Lima-Callao","C"
"395",395,"Femenino",44,28,28,"Lima-Callao","C"
"396",396,"Femenino",33,30,30,"Lima-Callao","C"
"397",397,"Femenino",22,25,25,"Lima-Callao","A/B"
"398",398,"Masculino",25,28,28,"Lima-Callao","D/E"
"399",399,"Masculino",67,25,25,"Lima-Callao","C"
"400",400,"Femenino",52,99,99,"Lima-Callao","C"
"401",401,"Masculino",35,25,30,"Lima-Callao","C"
"402",402,"Femenino",19,27,30,"Lima-Callao","C"
"403",403,"Femenino",43,25,25,"Lima-Callao","A/B"
"404",404,"Femenino",59,30,30,"Lima-Callao","C"
"405",405,"Femenino",46,25,25,"Lima-Callao","A/B"
"406",406,"Femenino",28,30,30,"Lima-Callao","A/B"
"407",407,"Masculino",53,28,28,"Lima-Callao","A/B"
"408",408,"Masculino",25,25,25,"Lima-Callao","C"
"409",409,"Masculino",19,25,25,"Lima-Callao","C"
"410",410,"Femenino",69,27,30,"Lima-Callao","D/E"
"411",411,"Femenino",30,28,30,"Lima-Callao","C"
"412",412,"Masculino",29,25,33,"Lima-Callao","C"
"413",413,"Masculino",36,25,25,"Lima-Callao","A/B"
"414",414,"Masculino",50,25,25,"Lima-Callao","C"
"415",415,"Masculino",68,25,25,"Lima-Callao","D/E"
"416",416,"Femenino",25,30,30,"Lima-Callao","A/B"
"417",417,"Masculino",18,25,25,"Lima-Callao","C"
"418",418,"Femenino",57,26,28,"Lima-Callao","C"
"419",419,"Masculino",70,25,30,"Lima-Callao","C"
"420",420,"Femenino",30,25,27,"Lima-Callao","C"
"421",421,"Femenino",31,25,28,"Lima-Callao","C"
"422",422,"Femenino",20,26,28,"Lima-Callao","C"
"423",423,"Masculino",30,25,27,"Lima-Callao","C"
"424",424,"Masculino",36,26,28,"Lima-Callao","C"
"425",425,"Masculino",71,30,30,"Lima-Callao","A/B"
"426",426,"Femenino",42,30,30,"Lima-Callao","A/B"
"427",427,"Femenino",66,27,32,"Lima-Callao","A/B"
"428",428,"Femenino",56,30,30,"Lima-Callao","A/B"
"429",429,"Femenino",44,33,33,"Lima-Callao","A/B"
"430",430,"Masculino",22,28,28,"Lima-Callao","A/B"
"431",431,"Femenino",20,27,27,"Lima-Callao","A/B"
"432",432,"Masculino",35,30,30,"Lima-Callao","C"
"433",433,"Femenino",35,25,30,"Lima-Callao","D/E"
"434",434,"Masculino",42,28,30,"Lima-Callao","D/E"
"435",435,"Femenino",18,27,27,"Lima-Callao","D/E"
"436",436,"Femenino",52,25,25,"Lima-Callao","D/E"
"437",437,"Femenino",26,20,35,"Lima-Callao","D/E"
"438",438,"Masculino",54,25,28,"Lima-Callao","D/E"
"439",439,"Masculino",65,25,30,"Lima-Callao","D/E"
"440",440,"Masculino",18,25,28,"Lima-Callao","C"
"441",441,"Femenino",46,25,25,"Lima-Callao","D/E"
"442",442,"Masculino",21,30,30,"Lima-Callao","A/B"
"443",443,"Femenino",43,23,25,"Lima-Callao","C"
"444",444,"Masculino",23,25,25,"Lima-Callao","C"
"445",445,"Masculino",35,20,25,"Lima-Callao","D/E"
"446",446,"Masculino",39,30,30,"Lima-Callao","C"
"447",447,"Femenino",29,25,25,"Lima-Callao","C"
"448",448,"Masculino",66,20,20,"Lima-Callao","C"
"449",449,"Femenino",55,23,25,"Norte","C"
"450",450,"Femenino",24,25,28,"Norte","C"
"451",451,"Femenino",33,35,35,"Norte","D/E"
"452",452,"Femenino",18,24,28,"Norte","A/B"
"453",453,"Masculino",22,25,25,"Norte","C"
"454",454,"Femenino",62,18,18,"Norte","C"
"455",455,"Masculino",50,25,25,"Norte","C"
"456",456,"Femenino",28,25,30,"Norte","D/E"
"457",457,"Femenino",43,26,30,"Norte","A/B"
"458",458,"Femenino",25,20,25,"Norte","A/B"
"459",459,"Femenino",42,25,26,"Norte","C"
"460",460,"Femenino",60,25,25,"Norte","D/E"
"461",461,"Masculino",29,25,25,"Norte","C"
"462",462,"Masculino",30,23,25,"Norte","C"
"463",463,"Masculino",21,26,28,"Norte","D/E"
"464",464,"Masculino",39,25,32,"Norte","C"
"465",465,"Femenino",74,25,28,"Norte","D/E"
"466",466,"Masculino",19,26,26,"Norte","C"
"467",467,"Masculino",73,25,27,"Norte","C"
"468",468,"Masculino",20,20,30,"Norte","A/B"
"469",469,"Femenino",28,23,25,"Norte","C"
"470",470,"Femenino",33,25,30,"Norte","D/E"
"471",471,"Masculino",25,28,28,"Norte","C"
"472",472,"Masculino",29,25,25,"Norte","D/E"
"473",473,"Masculino",25,22,22,"Norte","D/E"
"474",474,"Masculino",29,25,30,"Norte","C"
"475",475,"Femenino",22,26,30,"Norte","D/E"
"476",476,"Femenino",45,25,28,"Norte","A/B"
"477",477,"Masculino",23,28,30,"Norte","A/B"
"478",478,"Femenino",30,28,35,"Norte","C"
"479",479,"Femenino",31,28,30,"Norte","C"
"480",480,"Masculino",19,25,27,"Norte","C"
"481",481,"Femenino",58,25,30,"Norte","D/E"
"482",482,"Femenino",38,30,32,"Norte","A/B"
"483",483,"Masculino",41,27,30,"Norte","D/E"
"484",484,"Masculino",83,22,25,"Norte","D/E"
"485",485,"Masculino",37,23,26,"Norte","D/E"
"486",486,"Masculino",21,25,25,"Norte","D/E"
"487",487,"Femenino",23,30,30,"Norte","D/E"
"488",488,"Masculino",55,25,25,"Norte","D/E"
"489",489,"Femenino",45,26,25,"Norte","D/E"
"490",490,"Femenino",30,20,22,"Norte","D/E"
"491",491,"Femenino",40,22,20,"Norte","D/E"
"492",492,"Femenino",18,23,24,"Norte","D/E"
"493",493,"Femenino",66,25,28,"Norte","D/E"
"494",494,"Masculino",82,19,20,"Norte","D/E"
"495",495,"Masculino",42,25,25,"Norte","D/E"
"496",496,"Femenino",34,18,22,"Norte","D/E"
"497",497,"Masculino",24,25,25,"Norte","D/E"
"498",498,"Masculino",22,24,28,"Norte","D/E"
"499",499,"Femenino",29,30,30,"Sur","D/E"
"500",500,"Masculino",44,27,29,"Sur","A/B"
"501",501,"Femenino",29,25,30,"Sur","D/E"
"502",502,"Femenino",51,25,25,"Sur","A/B"
"503",503,"Femenino",43,25,30,"Sur","C"
"504",504,"Femenino",22,28,30,"Sur","D/E"
"505",505,"Femenino",52,26,26,"Sur","D/E"
"506",506,"Masculino",45,28,30,"Sur","D/E"
"507",507,"Femenino",48,25,25,"Sur","D/E"
"508",508,"Femenino",60,25,30,"Sur","D/E"
"509",509,"Femenino",44,25,30,"Sur","D/E"
"510",510,"Masculino",58,25,28,"Sur","D/E"
"511",511,"Masculino",37,20,28,"Sur","D/E"
"512",512,"Femenino",41,20,20,"Sur","D/E"
"513",513,"Masculino",18,25,28,"Sur","D/E"
"514",514,"Femenino",32,25,32,"Sur","C"
"515",515,"Masculino",33,25,26,"Sur","C"
"516",516,"Masculino",50,24,30,"Sur","D/E"
"517",517,"Masculino",23,28,28,"Sur","A/B"
"518",518,"Masculino",35,23,31,"Sur","C"
"519",519,"Femenino",42,25,26,"Sur","D/E"
"520",520,"Masculino",66,99,99,"Sur","D/E"
"521",521,"Masculino",30,25,27,"Sur","C"
"522",522,"Masculino",40,25,28,"Sur","D/E"
"523",523,"Masculino",67,30,35,"Sur","D/E"
"524",524,"Femenino",84,20,22,"Sur","D/E"
"525",525,"Masculino",30,30,30,"Sur","C"
"526",526,"Masculino",63,25,30,"Sur","C"
"527",527,"Masculino",44,35,38,"Sur","D/E"
"528",528,"Masculino",18,30,30,"Sur","C"
"529",529,"Femenino",30,99,99,"Sur","A/B"
"530",530,"Femenino",44,25,28,"Sur","A/B"
"531",531,"Masculino",29,28,30,"Sur","D/E"
"532",532,"Femenino",18,25,25,"Sur","A/B"
"533",533,"Femenino",35,27,30,"Sur","A/B"
"534",534,"Masculino",24,27,30,"Sur","C"
"535",535,"Masculino",60,27,27,"Sur","C"
"536",536,"Femenino",40,26,29,"Sur","D/E"
"537",537,"Femenino",44,26,28,"Sur","C"
"538",538,"Masculino",63,26,26,"Sur","D/E"
"539",539,"Masculino",42,30,30,"Sur","D/E"
"540",540,"Femenino",48,25,25,"Sur","D/E"
"541",541,"Femenino",59,30,30,"Sur","D/E"
"542",542,"Masculino",22,30,34,"Sur","D/E"
"543",543,"Femenino",26,30,35,"Sur","D/E"
"544",544,"Masculino",18,25,23,"Sur","D/E"
"545",545,"Masculino",45,25,20,"Sur","D/E"
"546",546,"Femenino",30,30,30,"Sur","D/E"
"547",547,"Femenino",47,25,25,"Sur","D/E"
"548",548,"Masculino",30,20,25,"Sur","D/E"
"549",549,"Masculino",48,30,30,"Sur","D/E"
"550",550,"Masculino",18,25,29,"Sur","C"
"551",551,"Femenino",29,30,30,"Sur","C"
"552",552,"Masculino",22,25,30,"Sur","C"
"553",553,"Masculino",20,30,30,"Sur","C"
"554",554,"Masculino",75,26,25,"Sur","D/E"
"555",555,"Masculino",38,27,27,"Sur","D/E"
"556",556,"Femenino",34,28,35,"Sur","D/E"
"557",557,"Femenino",50,25,25,"Sur","D/E"
"558",558,"Masculino",30,28,35,"Sur","D/E"
"559",559,"Femenino",45,30,30,"Sur","D/E"
"560",560,"Masculino",29,18,18,"Sur","D/E"
"561",561,"Femenino",29,25,25,"Sur","D/E"
"562",562,"Femenino",20,24,24,"Sur","C"
"563",563,"Masculino",46,25,30,"Sur","D/E"
"564",564,"Femenino",25,18,20,"Sur","D/E"
"565",565,"Femenino",70,25,29,"Sur","D/E"
"566",566,"Femenino",42,30,30,"Sur","D/E"
"567",567,"Masculino",51,20,23,"Sur","D/E"
"568",568,"Masculino",23,99,99,"Sur","D/E"
"569",569,"Masculino",56,20,20,"Sur","D/E"
"570",570,"Femenino",33,30,30,"Sur","D/E"
"571",571,"Masculino",22,25,30,"Sur","D/E"
"572",572,"Masculino",40,18,18,"Sur","D/E"
"573",573,"Masculino",34,35,35,"Sur","D/E"
"574",574,"Femenino",49,20,25,"Sur","D/E"
"575",575,"Femenino",71,20,25,"Sur","D/E"
"576",576,"Masculino",71,22,30,"Sur","D/E"
"577",577,"Femenino",49,20,20,"Sur","D/E"
"578",578,"Masculino",21,25,30,"Sur","D/E"
"579",579,"Femenino",25,25,25,"Sur","D/E"
"580",580,"Femenino",25,20,25,"Sur","D/E"
"581",581,"Masculino",28,25,30,"Sur","D/E"
"582",582,"Masculino",46,26,26,"Sur","D/E"
"583",583,"Masculino",46,28,28,"Sur","D/E"
"584",584,"Femenino",38,30,30,"Norte","A/B"
"585",585,"Femenino",28,28,28,"Norte","A/B"
"586",586,"Masculino",34,27,27,"Norte","A/B"
"587",587,"Femenino",36,25,30,"Norte","A/B"
"588",588,"Masculino",45,30,33,"Norte","A/B"
"589",589,"Masculino",51,30,35,"Norte","A/B"
"590",590,"Masculino",41,32,32,"Norte","C"
"591",591,"Masculino",20,30,30,"Norte","C"
"592",592,"Femenino",45,29,30,"Norte","C"
"593",593,"Masculino",31,27,30,"Norte","A/B"
"594",594,"Femenino",36,28,30,"Norte","D/E"
"595",595,"Masculino",20,27,27,"Norte","D/E"
"596",596,"Femenino",31,30,35,"Norte","D/E"
"597",597,"Femenino",38,29,30,"Norte","D/E"
"598",598,"Masculino",33,27,27,"Norte","D/E"
"599",599,"Femenino",26,26,27,"Norte","D/E"
"600",600,"Femenino",54,28,30,"Norte","D/E"
"601",601,"Masculino",41,29,29,"Norte","D/E"
"602",602,"Masculino",26,26,27,"Norte","D/E"
"603",603,"Femenino",51,26,26,"Norte","D/E"
"604",604,"Femenino",26,29,30,"Norte","D/E"
"605",605,"Masculino",47,27,27,"Norte","D/E"
"606",606,"Masculino",39,99,99,"Norte","D/E"
"607",607,"Femenino",50,29,29,"Norte","D/E"
"608",608,"Femenino",19,25,28,"Norte","D/E"
"609",609,"Masculino",48,27,27,"Norte","C"
"610",610,"Masculino",26,29,30,"Norte","D/E"
"611",611,"Femenino",31,28,28,"Norte","A/B"
"612",612,"Femenino",41,27,27,"Norte","C"
"613",613,"Femenino",47,30,30,"Norte","C"
"614",614,"Femenino",34,27,30,"Norte","A/B"
"615",615,"Masculino",45,20,25,"Norte","A/B"
"616",616,"Masculino",57,99,99,"Norte","D/E"
"617",617,"Femenino",50,99,99,"Norte","D/E"
"618",618,"Masculino",47,20,30,"Norte","C"
"619",619,"Femenino",21,25,26,"Norte","D/E"
"620",620,"Femenino",40,27,30,"Norte","D/E"
"621",621,"Femenino",24,26,26,"Norte","D/E"
"622",622,"Femenino",33,25,25,"Norte","D/E"
"623",623,"Femenino",26,27,29,"Norte","D/E"
"624",624,"Femenino",50,99,99,"Norte","D/E"
"625",625,"Masculino",34,27,27,"Norte","D/E"
"626",626,"Femenino",46,26,28,"Norte","D/E"
"627",627,"Femenino",46,27,30,"Norte","D/E"
"628",628,"Masculino",48,25,30,"Norte","D/E"
"629",629,"Femenino",25,20,25,"Norte","D/E"
"630",630,"Femenino",18,99,99,"Norte","D/E"
"631",631,"Masculino",37,99,99,"Norte","D/E"
"632",632,"Masculino",51,20,20,"Norte","D/E"
"633",633,"Femenino",27,30,35,"Norte","D/E"
"634",634,"Masculino",27,99,99,"Norte","D/E"
"635",635,"Femenino",29,30,30,"Norte","D/E"
"636",636,"Femenino",47,20,25,"Norte","D/E"
"637",637,"Masculino",20,99,99,"Norte","D/E"
"638",638,"Masculino",41,99,99,"Norte","D/E"
"639",639,"Femenino",45,20,25,"Norte","C"
"640",640,"Femenino",21,26,30,"Norte","C"
"641",641,"Masculino",31,30,40,"Norte","D/E"
"642",642,"Femenino",45,29,30,"Norte","D/E"
"643",643,"Masculino",50,25,25,"Norte","D/E"
"644",644,"Masculino",19,30,35,"Sur","C"
"645",645,"Masculino",50,25,26,"Sur","D/E"
"646",646,"Femenino",30,35,35,"Sur","D/E"
"647",647,"Masculino",21,30,30,"Sur","D/E"
"648",648,"Masculino",40,20,20,"Sur","D/E"
"649",649,"Femenino",28,30,99,"Sur","C"
"650",650,"Masculino",61,25,30,"Sur","D/E"
"651",651,"Femenino",23,26,30,"Sur","D/E"
"652",652,"Masculino",44,99,25,"Sur","A/B"
"653",653,"Masculino",33,25,25,"Sur","D/E"
"654",654,"Masculino",20,25,25,"Sur","C"
"655",655,"Masculino",29,30,35,"Sur","D/E"
"656",656,"Masculino",62,30,35,"Sur","D/E"
"657",657,"Masculino",24,28,30,"Sur","A/B"
"658",658,"Masculino",20,25,25,"Sur","C"
"659",659,"Femenino",63,23,30,"Sur","C"
"660",660,"Masculino",44,22,22,"Sur","D/E"
"661",661,"Masculino",22,28,35,"Sur","C"
"662",662,"Masculino",31,30,35,"Sur","C"
"663",663,"Masculino",39,22,25,"Sur","D/E"
"664",664,"Femenino",25,25,30,"Sur","C"
"665",665,"Femenino",42,30,34,"Sur","A/B"
"666",666,"Masculino",18,30,35,"Sur","A/B"
"667",667,"Masculino",45,30,35,"Sur","D/E"
"668",668,"Masculino",23,30,30,"Sur","C"
"669",669,"Femenino",50,30,30,"Sur","A/B"
"670",670,"Femenino",23,26,30,"Sur","C"
"671",671,"Masculino",21,26,28,"Sur","C"
"672",672,"Masculino",33,28,33,"Sur","C"
"673",673,"Masculino",64,25,30,"Sur","A/B"
"674",674,"Femenino",30,32,35,"Sur","D/E"
"675",675,"Masculino",39,25,20,"Sur","D/E"
"676",676,"Femenino",38,30,34,"Sur","D/E"
"677",677,"Masculino",48,30,32,"Sur","C"
"678",678,"Masculino",57,30,33,"Sur","D/E"
"679",679,"Masculino",26,25,30,"Sur","D/E"
"680",680,"Masculino",37,25,25,"Sur","D/E"
"681",681,"Masculino",29,26,26,"Sur","D/E"
"682",682,"Masculino",46,25,30,"Sur","D/E"
"683",683,"Masculino",28,30,30,"Sur","D/E"
"684",684,"Femenino",39,25,28,"Sur","D/E"
"685",685,"Masculino",36,28,28,"Sur","D/E"
"686",686,"Masculino",28,26,30,"Sur","D/E"
"687",687,"Masculino",19,26,28,"Sur","D/E"
"688",688,"Femenino",52,30,30,"Sur","D/E"
"689",689,"Femenino",45,27,30,"Sur","D/E"
"690",690,"Masculino",29,30,30,"Sur","D/E"
"691",691,"Masculino",44,25,25,"Sur","D/E"
"692",692,"Masculino",29,25,28,"Sur","C"
"693",693,"Masculino",28,28,28,"Sur","D/E"
"694",694,"Femenino",45,35,35,"Centro","D/E"
"695",695,"Femenino",43,35,35,"Centro","D/E"
"696",696,"Masculino",41,28,28,"Centro","C"
"697",697,"Masculino",24,30,30,"Centro","D/E"
"698",698,"Femenino",52,35,35,"Centro","D/E"
"699",699,"Femenino",39,35,35,"Centro","D/E"
"700",700,"Masculino",58,35,30,"Centro","D/E"
"701",701,"Masculino",27,36,32,"Centro","D/E"
"702",702,"Masculino",23,28,25,"Centro","D/E"
"703",703,"Femenino",68,40,40,"Centro","D/E"
"704",704,"Femenino",53,32,32,"Centro","D/E"
"705",705,"Femenino",22,25,30,"Centro","D/E"
"706",706,"Femenino",27,30,30,"Centro","D/E"
"707",707,"Masculino",18,25,25,"Centro","D/E"
"708",708,"Masculino",40,30,30,"Centro","D/E"
"709",709,"Femenino",26,28,30,"Centro","C"
"710",710,"Femenino",62,26,33,"Centro","C"
"711",711,"Masculino",32,25,28,"Centro","A/B"
"712",712,"Masculino",46,24,27,"Centro","A/B"
"713",713,"Femenino",32,28,30,"Centro","C"
"714",714,"Femenino",23,23,26,"Centro","D/E"
"715",715,"Femenino",35,25,27,"Centro","D/E"
"716",716,"Masculino",48,20,25,"Centro","C"
"717",717,"Masculino",32,23,30,"Centro","C"
"718",718,"Masculino",50,22,30,"Centro","C"
"719",719,"Masculino",19,30,33,"Centro","C"
"720",720,"Masculino",58,23,25,"Centro","D/E"
"721",721,"Masculino",34,30,35,"Centro","C"
"722",722,"Masculino",70,20,24,"Centro","D/E"
"723",723,"Masculino",21,25,30,"Centro","C"
"724",724,"Masculino",76,99,99,"Centro","D/E"
"725",725,"Femenino",75,20,26,"Centro","D/E"
"726",726,"Femenino",27,25,25,"Centro","D/E"
"727",727,"Femenino",18,99,99,"Centro","D/E"
"728",728,"Femenino",23,25,28,"Centro","D/E"
"729",729,"Masculino",42,26,30,"Centro","D/E"
"730",730,"Masculino",40,99,99,"Centro","D/E"
"731",731,"Masculino",68,20,20,"Centro","D/E"
"732",732,"Femenino",23,25,26,"Centro","D/E"
"733",733,"Masculino",25,25,25,"Centro","D/E"
"734",734,"Femenino",32,26,26,"Centro","C"
"735",735,"Masculino",44,18,18,"Centro","D/E"
"736",736,"Femenino",39,20,25,"Centro","D/E"
"737",737,"Femenino",21,25,30,"Centro","D/E"
"738",738,"Masculino",18,25,25,"Centro","D/E"
"739",739,"Femenino",27,24,24,"Centro","D/E"
"740",740,"Femenino",40,99,99,"Centro","D/E"
"741",741,"Femenino",59,99,99,"Centro","D/E"
"742",742,"Femenino",36,25,25,"Centro","D/E"
"743",743,"Masculino",52,99,99,"Centro","D/E"
"744",744,"Masculino",26,28,29,"Sur","A/B"
"745",745,"Femenino",24,30,30,"Sur","A/B"
"746",746,"Masculino",37,27,29,"Sur","A/B"
"747",747,"Femenino",45,29,31,"Sur","A/B"
"748",748,"Masculino",24,27,28,"Sur","A/B"
"749",749,"Masculino",20,29,30,"Sur","C"
"750",750,"Femenino",50,30,30,"Sur","A/B"
"751",751,"Masculino",33,27,29,"Sur","A/B"
"752",752,"Femenino",46,28,28,"Sur","C"
"753",753,"Masculino",65,30,30,"Sur","A/B"
"754",754,"Femenino",32,25,28,"Sur","A/B"
"755",755,"Masculino",47,99,99,"Sur","A/B"
"756",756,"Femenino",38,25,25,"Sur","A/B"
"757",757,"Masculino",19,26,28,"Sur","C"
"758",758,"Masculino",21,25,25,"Sur","A/B"
"759",759,"Masculino",20,25,25,"Sur","D/E"
"760",760,"Masculino",23,25,25,"Sur","D/E"
"761",761,"Masculino",31,35,35,"Sur","D/E"
"762",762,"Femenino",29,27,27,"Sur","D/E"
"763",763,"Femenino",25,25,25,"Sur","D/E"
"764",764,"Masculino",50,25,25,"Sur","C"
"765",765,"Femenino",23,27,30,"Sur","C"
"766",766,"Femenino",32,29,30,"Sur","C"
"767",767,"Femenino",43,30,30,"Sur","A/B"
"768",768,"Masculino",32,25,30,"Sur","A/B"
"769",769,"Femenino",52,25,25,"Sur","D/E"
"770",770,"Femenino",60,25,30,"Sur","D/E"
"771",771,"Masculino",45,24,27,"Sur","D/E"
"772",772,"Femenino",27,24,28,"Sur","D/E"
"773",773,"Masculino",32,25,26,"Sur","C"
"774",774,"Masculino",31,25,25,"Sur","C"
"775",775,"Femenino",19,25,28,"Sur","D/E"
"776",776,"Masculino",46,30,35,"Sur","D/E"
"777",777,"Femenino",48,30,35,"Sur","D/E"
"778",778,"Masculino",35,26,29,"Sur","D/E"
"779",779,"Masculino",38,99,99,"Centro","C"
"780",780,"Femenino",33,26,30,"Centro","C"
"781",781,"Femenino",50,28,30,"Centro","D/E"
"782",782,"Femenino",18,25,30,"Centro","D/E"
"783",783,"Masculino",64,30,35,"Centro","C"
"784",784,"Femenino",40,25,30,"Centro","D/E"
"785",785,"Masculino",44,27,28,"Centro","C"
"786",786,"Femenino",52,25,25,"Centro","C"
"787",787,"Femenino",29,25,25,"Centro","C"
"788",788,"Masculino",22,28,28,"Centro","D/E"
"789",789,"Femenino",36,20,25,"Centro","C"
"790",790,"Femenino",40,35,35,"Centro","D/E"
"791",791,"Masculino",18,32,35,"Centro","C"
"792",792,"Masculino",19,26,32,"Centro","D/E"
"793",793,"Femenino",44,28,30,"Centro","D/E"
"794",794,"Masculino",35,20,20,"Centro","D/E"
"795",795,"Femenino",29,20,30,"Centro","D/E"
"796",796,"Femenino",65,25,29,"Centro","D/E"
"797",797,"Masculino",70,25,27,"Centro","D/E"
"798",798,"Femenino",60,24,28,"Centro","D/E"
"799",799,"Femenino",45,30,35,"Centro","D/E"
"800",800,"Femenino",49,25,27,"Centro","C"
"801",801,"Femenino",25,26,28,"Centro","D/E"
"802",802,"Femenino",60,28,30,"Centro","C"
"803",803,"Masculino",42,27,30,"Centro","D/E"
"804",804,"Masculino",40,25,30,"Centro","C"
"805",805,"Femenino",21,28,30,"Centro","A/B"
"806",806,"Femenino",46,25,30,"Centro","C"
"807",807,"Femenino",45,30,35,"Centro","C"
"808",808,"Masculino",44,20,35,"Centro","D/E"
"809",809,"Masculino",44,22,24,"Centro","D/E"
"810",810,"Femenino",48,30,30,"Centro","D/E"
"811",811,"Femenino",29,27,30,"Centro","A/B"
"812",812,"Masculino",44,99,99,"Centro","C"
"813",813,"Masculino",21,24,25,"Centro","A/B"
"814",814,"Masculino",28,25,30,"Centro","A/B"
"815",815,"Femenino",52,28,33,"Centro","A/B"
"816",816,"Femenino",28,25,25,"Centro","C"
"817",817,"Masculino",46,21,28,"Centro","C"
"818",818,"Femenino",27,25,30,"Centro","A/B"
"819",819,"Masculino",25,28,28,"Centro","C"
"820",820,"Masculino",46,25,28,"Centro","C"
"821",821,"Femenino",32,25,25,"Centro","D/E"
"822",822,"Femenino",35,30,35,"Centro","D/E"
"823",823,"Femenino",25,25,30,"Centro","D/E"
"824",824,"Femenino",35,30,32,"Centro","D/E"
"825",825,"Femenino",30,30,30,"Centro","D/E"
"826",826,"Masculino",18,25,33,"Centro","D/E"
"827",827,"Masculino",30,26,29,"Centro","D/E"
"828",828,"Masculino",69,22,28,"Centro","D/E"
"829",829,"Femenino",18,28,30,"Centro","C"
"830",830,"Femenino",69,20,25,"Centro","D/E"
"831",831,"Femenino",40,20,20,"Centro","D/E"
"832",832,"Masculino",38,25,30,"Centro","D/E"
"833",833,"Masculino",56,20,19,"Centro","D/E"
"834",834,"Femenino",53,30,30,"Norte","D/E"
"835",835,"Femenino",56,25,30,"Norte","C"
"836",836,"Femenino",57,28,30,"Norte","D/E"
"837",837,"Femenino",41,30,30,"Norte","D/E"
"838",838,"Femenino",49,28,32,"Norte","D/E"
"839",839,"Masculino",25,25,30,"Norte","A/B"
"840",840,"Masculino",57,20,28,"Norte","A/B"
"841",841,"Femenino",53,30,33,"Norte","C"
"842",842,"Masculino",28,20,35,"Norte","A/B"
"843",843,"Masculino",36,23,33,"Norte","A/B"
"844",844,"Femenino",21,23,25,"Norte","C"
"845",845,"Femenino",49,22,29,"Norte","C"
"846",846,"Femenino",37,23,28,"Norte","C"
"847",847,"Femenino",54,25,28,"Norte","C"
"848",848,"Masculino",31,25,28,"Norte","C"
"849",849,"Femenino",52,25,28,"Norte","C"
"850",850,"Masculino",76,25,28,"Norte","A/B"
"851",851,"Masculino",52,26,28,"Norte","A/B"
"852",852,"Masculino",32,35,40,"Norte","D/E"
"853",853,"Masculino",34,25,30,"Norte","D/E"
"854",854,"Masculino",66,25,30,"Norte","A/B"
"855",855,"Masculino",54,28,30,"Norte","A/B"
"856",856,"Femenino",44,25,28,"Norte","A/B"
"857",857,"Femenino",26,30,30,"Norte","D/E"
"858",858,"Femenino",40,25,30,"Norte","C"
"859",859,"Femenino",19,25,25,"Norte","C"
"860",860,"Femenino",50,30,30,"Norte","D/E"
"861",861,"Femenino",57,20,25,"Norte","D/E"
"862",862,"Masculino",66,99,20,"Norte","D/E"
"863",863,"Masculino",51,30,25,"Norte","D/E"
"864",864,"Femenino",36,25,28,"Norte","D/E"
"865",865,"Femenino",57,99,99,"Norte","A/B"
"866",866,"Masculino",50,99,99,"Norte","C"
"867",867,"Femenino",22,33,34,"Norte","C"
"868",868,"Femenino",22,27,30,"Norte","C"
"869",869,"Masculino",36,25,27,"Norte","C"
"870",870,"Masculino",62,18,22,"Norte","D/E"
"871",871,"Masculino",46,25,28,"Norte","D/E"
"872",872,"Masculino",92,25,25,"Norte","D/E"
"873",873,"Masculino",21,25,25,"Norte","D/E"
"874",874,"Femenino",22,31,24,"Norte","D/E"
"875",875,"Masculino",35,25,30,"Norte","D/E"
"876",876,"Masculino",30,20,20,"Norte","C"
"877",877,"Femenino",33,25,25,"Norte","D/E"
"878",878,"Masculino",24,30,30,"Norte","C"
"879",879,"Femenino",32,25,26,"Norte","D/E"
"880",880,"Femenino",65,20,25,"Norte","D/E"
"881",881,"Masculino",56,28,30,"Norte","D/E"
"882",882,"Femenino",36,24,25,"Norte","D/E"
"883",883,"Masculino",33,24,24,"Norte","C"
"884",884,"Femenino",21,27,30,"Norte","C"
"885",885,"Femenino",22,25,25,"Norte","A/B"
"886",886,"Masculino",57,25,27,"Norte","C"
"887",887,"Femenino",53,25,30,"Norte","A/B"
"888",888,"Masculino",33,28,30,"Norte","D/E"
"889",889,"Femenino",45,30,30,"Norte","C"
"890",890,"Femenino",26,25,30,"Norte","D/E"
"891",891,"Femenino",30,30,35,"Norte","C"
"892",892,"Femenino",42,25,30,"Norte","A/B"
"893",893,"Masculino",40,30,30,"Norte","A/B"
"894",894,"Femenino",47,25,25,"Norte","D/E"
"895",895,"Femenino",53,28,30,"Norte","C"
"896",896,"Masculino",37,25,25,"Norte","D/E"
"897",897,"Femenino",40,26,30,"Norte","D/E"
"898",898,"Masculino",66,22,28,"Norte","D/E"
"899",899,"Masculino",38,27,25,"Norte","D/E"
"900",900,"Femenino",19,30,30,"Norte","C"
"901",901,"Masculino",18,25,28,"Norte","C"
"902",902,"Femenino",40,25,27,"Norte","D/E"
"903",903,"Masculino",33,25,26,"Norte","C"
"904",904,"Masculino",56,25,25,"Norte","A/B"
"905",905,"Femenino",19,20,22,"Norte","D/E"
"906",906,"Femenino",18,25,30,"Norte","C"
"907",907,"Femenino",30,22,25,"Norte","D/E"
"908",908,"Masculino",51,25,30,"Norte","D/E"
"909",909,"Masculino",20,27,25,"Norte","C"
"910",910,"Femenino",24,25,28,"Norte","C"
"911",911,"Femenino",19,22,18,"Norte","C"
"912",912,"Femenino",28,20,20,"Norte","C"
"913",913,"Masculino",50,22,24,"Norte","C"
"914",914,"Masculino",19,29,29,"Norte","D/E"
"915",915,"Masculino",48,32,30,"Norte","D/E"
"916",916,"Femenino",34,32,34,"Norte","C"
"917",917,"Femenino",48,27,30,"Norte","C"
"918",918,"Femenino",75,34,34,"Norte","D/E"
"919",919,"Masculino",20,35,36,"Norte","C"
"920",920,"Masculino",18,30,30,"Norte","A/B"
"921",921,"Masculino",23,35,35,"Norte","C"
"922",922,"Masculino",34,33,34,"Norte","C"
"923",923,"Femenino",36,28,28,"Norte","D/E"
"924",924,"Masculino",52,26,29,"Norte","C"
"925",925,"Femenino",38,24,27,"Norte","D/E"
"926",926,"Femenino",18,25,28,"Norte","C"
"927",927,"Femenino",62,26,28,"Norte","D/E"
"928",928,"Femenino",56,24,28,"Norte","D/E"
"929",929,"Masculino",25,30,30,"Norte","D/E"
"930",930,"Masculino",55,29,29,"Norte","D/E"
"931",931,"Femenino",20,27,27,"Norte","D/E"
"932",932,"Femenino",46,28,30,"Norte","D/E"
"933",933,"Femenino",48,30,30,"Norte","D/E"
"934",934,"Masculino",30,28,30,"Norte","C"
"935",935,"Femenino",32,18,20,"Norte","C"
"936",936,"Femenino",35,18,22,"Norte","C"
"937",937,"Femenino",30,24,28,"Norte","C"
"938",938,"Femenino",25,20,20,"Norte","C"
"939",939,"Femenino",43,26,29,"Norte","D/E"
"940",940,"Masculino",31,24,27,"Norte","D/E"
"941",941,"Femenino",30,24,27,"Norte","D/E"
"942",942,"Femenino",18,25,28,"Norte","C"
"943",943,"Femenino",21,25,30,"Norte","D/E"
"944",944,"Femenino",40,35,35,"Norte","D/E"
"945",945,"Femenino",20,33,30,"Norte","D/E"
"946",946,"Femenino",63,28,20,"Norte","D/E"
"947",947,"Masculino",29,25,35,"Norte","D/E"
"948",948,"Femenino",19,28,30,"Norte","D/E"
"949",949,"Femenino",46,25,30,"Norte","C"
"950",950,"Femenino",21,26,28,"Norte","C"
"951",951,"Masculino",75,28,35,"Norte","C"
"952",952,"Masculino",38,25,30,"Norte","C"
"953",953,"Masculino",32,27,30,"Norte","C"
"954",954,"Femenino",31,26,28,"Norte","D/E"
"955",955,"Masculino",63,26,29,"Norte","D/E"
"956",956,"Masculino",36,24,28,"Norte","D/E"
"957",957,"Masculino",23,27,29,"Norte","D/E"
"958",958,"Masculino",19,25,30,"Norte","D/E"
"959",959,"Femenino",63,25,30,"Norte","D/E"
"960",960,"Masculino",55,26,24,"Norte","C"
"961",961,"Masculino",25,27,29,"Norte","D/E"
"962",962,"Masculino",37,29,27,"Norte","D/E"
"963",963,"Masculino",41,24,28,"Norte","D/E"
"964",964,"Masculino",45,28,35,"Oriente","C"
"965",965,"Femenino",41,30,35,"Oriente","C"
"966",966,"Femenino",32,25,25,"Oriente","D/E"
"967",967,"Masculino",28,25,22,"Oriente","A/B"
"968",968,"Masculino",59,25,30,"Oriente","A/B"
"969",969,"Femenino",28,25,28,"Oriente","A/B"
"970",970,"Femenino",35,36,42,"Oriente","C"
"971",971,"Femenino",39,15,25,"Oriente","D/E"
"972",972,"Masculino",61,23,25,"Oriente","A/B"
"973",973,"Femenino",28,28,26,"Oriente","D/E"
"974",974,"Femenino",65,20,28,"Oriente","C"
"975",975,"Femenino",29,26,26,"Oriente","A/B"
"976",976,"Femenino",47,25,30,"Oriente","D/E"
"977",977,"Masculino",20,25,25,"Oriente","C"
"978",978,"Masculino",44,25,25,"Oriente","D/E"
"979",979,"Femenino",37,28,28,"Oriente","A/B"
"980",980,"Femenino",53,20,25,"Oriente","A/B"
"981",981,"Femenino",59,25,28,"Oriente","C"
"982",982,"Femenino",19,30,33,"Oriente","A/B"
"983",983,"Masculino",38,23,28,"Oriente","A/B"
"984",984,"Masculino",19,30,35,"Oriente","C"
"985",985,"Femenino",42,20,20,"Oriente","C"
"986",986,"Masculino",57,24,30,"Oriente","C"
"987",987,"Femenino",19,20,20,"Oriente","D/E"
"988",988,"Femenino",28,30,30,"Oriente","D/E"
"989",989,"Femenino",18,30,30,"Oriente","D/E"
"990",990,"Masculino",83,25,30,"Oriente","D/E"
"991",991,"Masculino",48,25,25,"Oriente","D/E"
"992",992,"Masculino",20,32,32,"Oriente","D/E"
"993",993,"Masculino",18,30,28,"Oriente","D/E"
"994",994,"Masculino",32,30,30,"Oriente","D/E"
"995",995,"Femenino",32,40,40,"Oriente","D/E"
"996",996,"Femenino",65,19,22,"Oriente","D/E"
"997",997,"Femenino",56,20,20,"Oriente","D/E"
"998",998,"Femenino",47,40,40,"Oriente","D/E"
"999",999,"Femenino",49,25,30,"Norte","D/E"
"1000",1000,"Femenino",18,25,25,"Norte","A/B"
"1001",1001,"Femenino",20,30,30,"Norte","C"
"1002",1002,"Masculino",49,30,33,"Norte","D/E"
"1003",1003,"Masculino",42,30,25,"Norte","D/E"
"1004",1004,"Masculino",66,27,29,"Norte","C"
"1005",1005,"Femenino",20,27,28,"Norte","A/B"
"1006",1006,"Masculino",54,25,30,"Norte","C"
"1007",1007,"Femenino",33,30,40,"Norte","C"
"1008",1008,"Masculino",25,38,30,"Norte","C"
"1009",1009,"Masculino",28,26,29,"Norte","D/E"
"1010",1010,"Masculino",38,22,25,"Norte","C"
"1011",1011,"Femenino",20,24,30,"Norte","C"
"1012",1012,"Femenino",49,27,30,"Norte","D/E"
"1013",1013,"Masculino",25,25,30,"Norte","D/E"
"1014",1014,"Masculino",23,29,29,"Norte","C"
"1015",1015,"Femenino",38,30,30,"Norte","D/E"
"1016",1016,"Femenino",36,22,22,"Norte","D/E"
"1017",1017,"Femenino",42,25,28,"Norte","D/E"
"1018",1018,"Masculino",60,25,28,"Norte","D/E"
"1019",1019,"Masculino",21,26,26,"Norte","D/E"
"1020",1020,"Femenino",59,29,29,"Norte","C"
"1021",1021,"Masculino",71,25,25,"Norte","C"
"1022",1022,"Femenino",41,25,30,"Norte","D/E"
"1023",1023,"Femenino",35,25,28,"Norte","C"
"1024",1024,"Masculino",73,25,30,"Norte","D/E"
"1025",1025,"Masculino",28,27,30,"Norte","A/B"
"1026",1026,"Femenino",27,29,29,"Norte","A/B"
"1027",1027,"Femenino",34,30,35,"Norte","A/B"
"1028",1028,"Masculino",28,30,35,"Norte","C"
"1029",1029,"Femenino",18,22,22,"Norte","D/E"
"1030",1030,"Masculino",30,22,23,"Norte","D/E"
"1031",1031,"Masculino",30,28,30,"Norte","D/E"
"1032",1032,"Masculino",44,25,25,"Norte","D/E"
"1033",1033,"Femenino",32,30,35,"Norte","D/E"
"1034",1034,"Femenino",29,20,25,"Norte","D/E"
"1035",1035,"Femenino",48,20,20,"Norte","D/E"
"1036",1036,"Masculino",46,18,27,"Norte","D/E"
"1037",1037,"Femenino",47,20,25,"Norte","D/E"
"1038",1038,"Masculino",62,26,26,"Norte","D/E"
"1039",1039,"Masculino",35,30,30,"Norte","D/E"
"1040",1040,"Masculino",82,26,29,"Norte","C"
"1041",1041,"Masculino",75,25,35,"Norte","C"
"1042",1042,"Masculino",87,26,30,"Norte","D/E"
"1043",1043,"Femenino",18,25,25,"Norte","C"
"1044",1044,"Femenino",36,30,35,"Norte","C"
"1045",1045,"Masculino",50,25,27,"Norte","C"
"1046",1046,"Femenino",35,20,25,"Norte","D/E"
"1047",1047,"Masculino",33,28,30,"Norte","C"
"1048",1048,"Femenino",23,24,30,"Norte","A/B"
"1049",1049,"Femenino",58,25,28,"Norte","C"
"1050",1050,"Masculino",36,22,25,"Norte","D/E"
"1051",1051,"Femenino",19,25,30,"Norte","D/E"
"1052",1052,"Femenino",31,25,26,"Norte","D/E"
"1053",1053,"Femenino",36,25,25,"Norte","D/E"
"1054",1054,"Femenino",35,28,28,"Norte","D/E"
"1055",1055,"Masculino",25,22,25,"Norte","C"
"1056",1056,"Masculino",26,25,28,"Norte","C"
"1057",1057,"Femenino",45,25,25,"Norte","D/E"
"1058",1058,"Femenino",60,25,30,"Norte","D/E"
"1059",1059,"Masculino",58,25,25,"Norte","D/E"
"1060",1060,"Masculino",21,25,26,"Norte","D/E"
"1061",1061,"Masculino",18,22,23,"Norte","D/E"
"1062",1062,"Femenino",33,30,30,"Norte","D/E"
"1063",1063,"Femenino",27,20,25,"Norte","D/E"
"1064",1064,"Masculino",18,20,25,"Norte","D/E"
"1065",1065,"Femenino",26,20,20,"Norte","D/E"
"1066",1066,"Femenino",36,25,25,"Norte","D/E"
"1067",1067,"Femenino",28,30,30,"Norte","D/E"
"1068",1068,"Masculino",39,22,30,"Norte","D/E"
"1069",1069,"Masculino",19,25,28,"Norte","D/E"
"1070",1070,"Masculino",43,30,30,"Norte","D/E"
"1071",1071,"Masculino",32,28,30,"Norte","D/E"
"1072",1072,"Femenino",68,20,26,"Norte","D/E"
"1073",1073,"Femenino",75,30,30,"Norte","D/E"
"1074",1074,"Femenino",39,25,25,"Norte","D/E"
"1075",1075,"Femenino",38,20,25,"Norte","D/E"
"1076",1076,"Femenino",54,22,22,"Norte","D/E"
"1077",1077,"Femenino",22,25,25,"Norte","D/E"
"1078",1078,"Femenino",50,21,21,"Norte","D/E"
"1079",1079,"Femenino",21,23,26,"Sur","D/E"
"1080",1080,"Femenino",53,25,25,"Sur","D/E"
"1081",1081,"Femenino",23,25,27,"Sur","D/E"
"1082",1082,"Femenino",28,36,37,"Sur","D/E"
"1083",1083,"Femenino",31,35,35,"Sur","C"
"1084",1084,"Femenino",25,35,37,"Sur","D/E"
"1085",1085,"Masculino",22,35,35,"Sur","C"
"1086",1086,"Femenino",34,25,28,"Sur","D/E"
"1087",1087,"Masculino",70,25,30,"Sur","D/E"
"1088",1088,"Femenino",70,25,24,"Sur","D/E"
"1089",1089,"Masculino",23,25,30,"Sur","D/E"
"1090",1090,"Femenino",19,25,30,"Sur","D/E"
"1091",1091,"Masculino",45,30,30,"Sur","D/E"
"1092",1092,"Femenino",30,22,25,"Sur","D/E"
"1093",1093,"Femenino",24,30,35,"Sur","D/E"
"1094",1094,"Masculino",42,30,30,"Sur","D/E"
"1095",1095,"Masculino",30,25,25,"Sur","D/E"
"1096",1096,"Masculino",19,35,35,"Sur","D/E"
"1097",1097,"Femenino",25,25,25,"Sur","C"
"1098",1098,"Femenino",45,25,28,"Sur","D/E"
"1099",1099,"Masculino",38,25,30,"Sur","C"
"1100",1100,"Femenino",67,20,20,"Sur","D/E"
"1101",1101,"Femenino",25,28,32,"Sur","D/E"
"1102",1102,"Masculino",50,25,30,"Sur","D/E"
"1103",1103,"Masculino",45,25,30,"Sur","D/E"
"1104",1104,"Masculino",64,25,28,"Sur","D/E"
"1105",1105,"Masculino",62,20,20,"Sur","D/E"
"1106",1106,"Femenino",18,25,28,"Sur","A/B"
"1107",1107,"Femenino",33,30,30,"Sur","D/E"
"1108",1108,"Masculino",63,25,25,"Sur","D/E"
"1109",1109,"Masculino",34,20,20,"Sur","D/E"
"1110",1110,"Femenino",44,25,25,"Sur","D/E"
"1111",1111,"Femenino",48,30,30,"Sur","D/E"
"1112",1112,"Femenino",29,20,25,"Sur","D/E"
"1113",1113,"Femenino",29,20,25,"Sur","D/E"
"1114",1114,"Masculino",52,35,34,"Sur","D/E"
"1115",1115,"Masculino",22,20,20,"Sur","D/E"
"1116",1116,"Femenino",45,25,25,"Sur","D/E"
"1117",1117,"Femenino",60,25,25,"Sur","D/E"
"1118",1118,"Masculino",45,25,30,"Sur","D/E"
"1119",1119,"Femenino",49,22,25,"Sur","D/E"
"1120",1120,"Masculino",44,25,25,"Sur","D/E"
"1121",1121,"Femenino",64,21,24,"Sur","D/E"
"1122",1122,"Femenino",50,23,22,"Sur","D/E"
"1123",1123,"Masculino",40,25,27,"Sur","D/E"
"1124",1124,"Masculino",19,30,30,"Sur","D/E"
"1125",1125,"Masculino",19,25,27,"Sur","D/E"
"1126",1126,"Femenino",20,30,35,"Sur","D/E"
"1127",1127,"Femenino",36,35,37,"Sur","D/E"
"1128",1128,"Femenino",35,30,35,"Sur","D/E"
"1129",1129,"Masculino",56,20,25,"Sur","D/E"
"1130",1130,"Masculino",51,22,25,"Sur","D/E"
"1131",1131,"Femenino",62,25,28,"Sur","D/E"
"1132",1132,"Femenino",52,20,25,"Sur","D/E"
"1133",1133,"Masculino",20,25,28,"Sur","D/E"
"1134",1134,"Masculino",28,20,25,"Sur","D/E"
"1135",1135,"Masculino",21,25,26,"Sur","D/E"
"1136",1136,"Masculino",40,20,25,"Sur","D/E"
"1137",1137,"Masculino",50,25,25,"Sur","D/E"
"1138",1138,"Masculino",45,25,30,"Sur","D/E"
"1139",1139,"Masculino",26,28,29,"Oriente","A/B"
"1140",1140,"Masculino",50,24,28,"Oriente","C"
"1141",1141,"Femenino",51,25,27,"Oriente","D/E"
"1142",1142,"Femenino",49,25,28,"Oriente","C"
"1143",1143,"Femenino",67,35,35,"Oriente","C"
"1144",1144,"Femenino",27,25,30,"Oriente","D/E"
"1145",1145,"Femenino",37,25,30,"Oriente","D/E"
"1146",1146,"Femenino",28,30,30,"Oriente","C"
"1147",1147,"Masculino",30,20,24,"Oriente","D/E"
"1148",1148,"Femenino",29,24,34,"Oriente","A/B"
"1149",1149,"Femenino",36,23,26,"Oriente","C"
"1150",1150,"Femenino",35,99,25,"Oriente","D/E"
"1151",1151,"Femenino",18,20,25,"Oriente","D/E"
"1152",1152,"Masculino",20,25,25,"Oriente","D/E"
"1153",1153,"Masculino",25,25,30,"Oriente","D/E"
"1154",1154,"Masculino",43,25,30,"Oriente","D/E"
"1155",1155,"Femenino",53,20,25,"Oriente","D/E"
"1156",1156,"Femenino",27,25,28,"Oriente","D/E"
"1157",1157,"Femenino",47,26,26,"Oriente","D/E"
"1158",1158,"Masculino",39,25,27,"Oriente","D/E"
"1159",1159,"Masculino",71,25,25,"Oriente","D/E"
"1160",1160,"Femenino",23,24,28,"Oriente","D/E"
"1161",1161,"Masculino",62,25,25,"Oriente","D/E"
"1162",1162,"Femenino",22,25,25,"Oriente","D/E"
"1163",1163,"Femenino",35,25,30,"Oriente","C"
"1164",1164,"Femenino",53,20,25,"Oriente","D/E"
"1165",1165,"Masculino",37,20,20,"Oriente","D/E"
"1166",1166,"Femenino",30,25,25,"Oriente","D/E"
"1167",1167,"Masculino",72,20,25,"Oriente","D/E"
"1168",1168,"Femenino",77,20,22,"Oriente","D/E"
"1169",1169,"Masculino",56,26,27,"Sur","C"
"1170",1170,"Femenino",40,30,35,"Sur","D/E"
"1171",1171,"Masculino",22,18,24,"Sur","D/E"
"1172",1172,"Femenino",28,27,28,"Sur","D/E"
"1173",1173,"Femenino",18,30,35,"Sur","C"
"1174",1174,"Masculino",46,20,25,"Sur","D/E"
"1175",1175,"Femenino",33,28,32,"Sur","D/E"
"1176",1176,"Femenino",47,25,28,"Sur","D/E"
"1177",1177,"Femenino",20,25,29,"Sur","D/E"
"1178",1178,"Masculino",22,25,26,"Sur","D/E"
"1179",1179,"Masculino",39,25,25,"Sur","D/E"
"1180",1180,"Masculino",28,28,30,"Sur","D/E"
"1181",1181,"Femenino",52,30,30,"Sur","C"
"1182",1182,"Femenino",45,30,30,"Sur","C"
"1183",1183,"Femenino",57,30,30,"Sur","D/E"
"1184",1184,"Masculino",22,20,27,"Oriente","C"
"1185",1185,"Masculino",51,20,23,"Oriente","D/E"
"1186",1186,"Masculino",29,25,28,"Oriente","D/E"
"1187",1187,"Femenino",22,28,30,"Oriente","A/B"
"1188",1188,"Masculino",47,23,28,"Oriente","C"
"1189",1189,"Femenino",28,29,30,"Oriente","C"
"1190",1190,"Masculino",18,25,30,"Oriente","C"
"1191",1191,"Femenino",32,25,30,"Oriente","D/E"
"1192",1192,"Masculino",38,24,24,"Oriente","D/E"
"1193",1193,"Masculino",44,25,28,"Oriente","D/E"
"1194",1194,"Masculino",62,20,24,"Oriente","D/E"
"1195",1195,"Masculino",30,25,28,"Oriente","D/E"
"1196",1196,"Masculino",64,20,20,"Oriente","D/E"
"1197",1197,"Femenino",19,28,30,"Oriente","D/E"
"1198",1198,"Femenino",48,23,28,"Oriente","D/E"
"1199",1199,"Masculino",18,22,28,"Oriente","D/E"
"1200",1200,"Masculino",36,25,28,"Oriente","D/E"
"1201",1201,"Masculino",19,26,30,"Oriente","D/E"
"1202",1202,"Masculino",49,20,25,"Oriente","D/E"
"1203",1203,"Masculino",33,25,28,"Oriente","D/E"
